{
    "C1": {
        "Basket Size": 2,
        "Lottery Ticket": false,
        "Time at Cashier": 12,
        "Time at Self-Service": 8
    },
    "C2": {
        "Basket Size": 12,
        "Lottery Ticket": false,
        "Time at Cashier": 72,
        "Time at Self-Service": 48
    },
    "C3": {
        "Basket Size": 8,
        "Lottery Ticket": false,
        "Time at Cashier": 48,
        "Time at Self-Service": 32
    },
    "C4": {
        "Basket Size": 14,
        "Lottery Ticket": true,
        "Time at Cashier": 84,
        "Time at Self-Service": 56
    }
}